id,name,country_code,phone,email
0001,Jesus Moreno,VE,+58(414)4161512,jesus.moreno@sofoscorp.com
0002,Jesus Davila,MX,,jesus.davila@sofoscorp.com
0003,Carlos Santamaria,GT,+502(55)15161512,jesus.moreno@sofoscorp.com
0004,Milexi Perez,VE,+58(414)4161512,carlos.santamaria@sofoscorp.com
0005,Maria Virgina Leon,VE,,maria.leon@sofoscorp.com
0006,Fernando Acuña,AR,+54(414)4161512,fernando.acuna@sofoscorp.com 
0007,Gabriel Rosas,GT,+502(55)15161512,gabriel.rosas@sofoscorp.com
0008,Victor Morales,GT,,victor.morales@sofoscorp.com
0009,Axel Matienzo,GT,+502(55)15161512,axel.matienzo@sofoscorp.com
0010,Samuel Arevalo,GT,,samuel.arevalo@sofoscorp.com
0011,Alex Huaraca,MX,+52(55)93464416,alex.huaraca@sofoscorp.com
0012,Yamerson Milano,MX,,yamerson.milano@sofoscorp.com
0013,Juan Abreu,VE,,juan.abreu@sofoscorp.com
0014,Nestor Carballo,GT,+502(55)15161512,nestor.carballo@sofoscorp.com
0015,Luis Leon,MX,+52(55)93464416,luis.leon@sofoscorp.com
0016,Isaac Perez,VE,,isaac.perez@sofoscorp.com
0017,Manuel Sevilla,VE,+58(414)4161512,manuel.sevilla@sofoscorp.com
0018,Fabiola Ramos,VE,+58(414)4161512,fabiola.ramos@sofoscorp.com
0019,Kevin Feng,VE,+58(414)4161512,kevin.feng@sofoscorp.com